timestamp;buyer;seller;symbol;currency;price;quantity
100;;;KELP;SEASHELLS;2034;1
100;;;RAINFOREST_RESIN;SEASHELLS;10002;1
200;;;KELP;SEASHELLS;2035;1
200;;;RAINFOREST_RESIN;SEASHELLS;10004;1
200;;;SQUID_INK;SEASHELLS;1835;1
300;;;KELP;SEASHELLS;2034;1
300;;;SQUID_INK;SEASHELLS;1836;1
500;;;KELP;SEASHELLS;2034;1
500;;;SQUID_INK;SEASHELLS;1836;1
600;;;KELP;SEASHELLS;2033;5
600;;;SQUID_INK;SEASHELLS;1834;5
700;;;KELP;SEASHELLS;2032;1
700;;;SQUID_INK;SEASHELLS;1834;1
800;;;KELP;SEASHELLS;2032;1
800;;;RAINFOREST_RESIN;SEASHELLS;9996;1
800;;;SQUID_INK;SEASHELLS;1836;1
900;;;KELP;SEASHELLS;2035;15
1200;;;KELP;SEASHELLS;2032;1
1200;;;SQUID_INK;SEASHELLS;1839;1
1300;;;RAINFOREST_RESIN;SEASHELLS;10002;1
1400;;;SQUID_INK;SEASHELLS;1842;6
1500;;;KELP;SEASHELLS;2034;1
1500;;;RAINFOREST_RESIN;SEASHELLS;9998;4
1500;;;SQUID_INK;SEASHELLS;1844;1
1900;;;KELP;SEASHELLS;2032;1
2600;;;RAINFOREST_RESIN;SEASHELLS;10002;4
2600;;;RAINFOREST_RESIN;SEASHELLS;10002;1
3000;;;KELP;SEASHELLS;2034;1
3000;;;SQUID_INK;SEASHELLS;1850;1
3100;;;RAINFOREST_RESIN;SEASHELLS;9998;1
3200;;;RAINFOREST_RESIN;SEASHELLS;10002;5
3300;;;RAINFOREST_RESIN;SEASHELLS;10002;1
3700;;;RAINFOREST_RESIN;SEASHELLS;9998;1
4000;;;KELP;SEASHELLS;2032;1
4000;;;SQUID_INK;SEASHELLS;1854;1
4200;;;RAINFOREST_RESIN;SEASHELLS;10002;5
4300;;;KELP;SEASHELLS;2032;2
4300;;;SQUID_INK;SEASHELLS;1854;2
5200;;;KELP;SEASHELLS;2033;5
5200;;;KELP;SEASHELLS;2033;4
5200;;;SQUID_INK;SEASHELLS;1859;5
5200;;;SQUID_INK;SEASHELLS;1859;4
5400;;;KELP;SEASHELLS;2035;1
5400;;;RAINFOREST_RESIN;SEASHELLS;10005;1
5400;;;SQUID_INK;SEASHELLS;1860;1
5500;;;KELP;SEASHELLS;2032;8
5500;;;RAINFOREST_RESIN;SEASHELLS;10004;1
6200;;;KELP;SEASHELLS;2034;1
6200;;;SQUID_INK;SEASHELLS;1861;1
6300;;;KELP;SEASHELLS;2035;11
6300;;;SQUID_INK;SEASHELLS;1862;11
6600;;;KELP;SEASHELLS;2032;7
6600;;;SQUID_INK;SEASHELLS;1860;7
6700;;;KELP;SEASHELLS;2034;1
6700;;;RAINFOREST_RESIN;SEASHELLS;10004;1
6700;;;SQUID_INK;SEASHELLS;1861;1
6800;;;KELP;SEASHELLS;2032;1
6800;;;SQUID_INK;SEASHELLS;1859;1
7200;;;RAINFOREST_RESIN;SEASHELLS;10002;1
7200;;;RAINFOREST_RESIN;SEASHELLS;9996;1
7400;;;KELP;SEASHELLS;2035;13
7400;;;SQUID_INK;SEASHELLS;1862;13
7600;;;RAINFOREST_RESIN;SEASHELLS;10002;1
8000;;;KELP;SEASHELLS;2034;1
8000;;;SQUID_INK;SEASHELLS;1858;1
8200;;;KELP;SEASHELLS;2032;1
8200;;;RAINFOREST_RESIN;SEASHELLS;9996;1
8200;;;SQUID_INK;SEASHELLS;1857;1
9100;;;RAINFOREST_RESIN;SEASHELLS;9998;1
9400;;;RAINFOREST_RESIN;SEASHELLS;10002;1
9500;;;RAINFOREST_RESIN;SEASHELLS;10002;1
9700;;;RAINFOREST_RESIN;SEASHELLS;10002;1
10300;;;KELP;SEASHELLS;2036;1
10300;;;RAINFOREST_RESIN;SEASHELLS;10004;1
10300;;;SQUID_INK;SEASHELLS;1861;1
10600;;;KELP;SEASHELLS;2033;4
10600;;;SQUID_INK;SEASHELLS;1857;4
10700;;;RAINFOREST_RESIN;SEASHELLS;9998;3
10800;;;KELP;SEASHELLS;2033;6
10800;;;KELP;SEASHELLS;2033;6
10800;;;SQUID_INK;SEASHELLS;1857;6
11800;;;KELP;SEASHELLS;2033;4
11800;;;SQUID_INK;SEASHELLS;1858;4
11900;;;RAINFOREST_RESIN;SEASHELLS;10002;1
12700;;;RAINFOREST_RESIN;SEASHELLS;10002;1
12700;;;RAINFOREST_RESIN;SEASHELLS;10002;1
13100;;;KELP;SEASHELLS;2033;2
13100;;;SQUID_INK;SEASHELLS;1852;2
13300;;;RAINFOREST_RESIN;SEASHELLS;10002;2
13700;;;RAINFOREST_RESIN;SEASHELLS;10002;1
13900;;;SQUID_INK;SEASHELLS;1849;3
14000;;;KELP;SEASHELLS;2032;1
14000;;;RAINFOREST_RESIN;SEASHELLS;10002;1
14000;;;RAINFOREST_RESIN;SEASHELLS;10002;5
14000;;;SQUID_INK;SEASHELLS;1852;1
14100;;;KELP;SEASHELLS;2032;15
14100;;;SQUID_INK;SEASHELLS;1851;15
14400;;;KELP;SEASHELLS;2032;1
14400;;;KELP;SEASHELLS;2032;2
14400;;;RAINFOREST_RESIN;SEASHELLS;10002;2
14400;;;RAINFOREST_RESIN;SEASHELLS;10002;2
14400;;;SQUID_INK;SEASHELLS;1853;1
14400;;;SQUID_INK;SEASHELLS;1853;2
14600;;;KELP;SEASHELLS;2033;1
14600;;;SQUID_INK;SEASHELLS;1849;1
14800;;;RAINFOREST_RESIN;SEASHELLS;9998;1
15000;;;KELP;SEASHELLS;2032;1
15000;;;SQUID_INK;SEASHELLS;1849;1
15100;;;RAINFOREST_RESIN;SEASHELLS;9998;1
15800;;;KELP;SEASHELLS;2036;2
15800;;;RAINFOREST_RESIN;SEASHELLS;10004;2
15800;;;SQUID_INK;SEASHELLS;1854;2
16100;;;KELP;SEASHELLS;2033;1
16100;;;KELP;SEASHELLS;2033;1
16100;;;SQUID_INK;SEASHELLS;1857;2
16200;;;KELP;SEASHELLS;2032;1
16200;;;RAINFOREST_RESIN;SEASHELLS;10002;3
16200;;;SQUID_INK;SEASHELLS;1853;1
16300;;;RAINFOREST_RESIN;SEASHELLS;9996;1
16300;;;RAINFOREST_RESIN;SEASHELLS;9996;1
16500;;;SQUID_INK;SEASHELLS;1849;1
17400;;;KELP;SEASHELLS;2036;2
17400;;;RAINFOREST_RESIN;SEASHELLS;9998;2
17400;;;SQUID_INK;SEASHELLS;1851;2
17500;;;KELP;SEASHELLS;2036;12
17500;;;SQUID_INK;SEASHELLS;1851;12
17900;;;KELP;SEASHELLS;2035;1
17900;;;RAINFOREST_RESIN;SEASHELLS;9998;1
17900;;;RAINFOREST_RESIN;SEASHELLS;9998;2
17900;;;RAINFOREST_RESIN;SEASHELLS;9998;1
17900;;;SQUID_INK;SEASHELLS;1849;1
18100;;;KELP;SEASHELLS;2033;8
18100;;;SQUID_INK;SEASHELLS;1842;8
18200;;;KELP;SEASHELLS;2033;1
18200;;;RAINFOREST_RESIN;SEASHELLS;10002;9
18200;;;RAINFOREST_RESIN;SEASHELLS;9996;1
18200;;;SQUID_INK;SEASHELLS;1840;1
18500;;;KELP;SEASHELLS;2033;1
18500;;;KELP;SEASHELLS;2033;1
18500;;;SQUID_INK;SEASHELLS;1840;1
18500;;;SQUID_INK;SEASHELLS;1840;1
18600;;;KELP;SEASHELLS;2033;9
18600;;;SQUID_INK;SEASHELLS;1837;1
18900;;;RAINFOREST_RESIN;SEASHELLS;10002;1
19300;;;RAINFOREST_RESIN;SEASHELLS;9998;2
19300;;;RAINFOREST_RESIN;SEASHELLS;9998;6
19500;;;KELP;SEASHELLS;2033;14
19500;;;SQUID_INK;SEASHELLS;1828;14
19600;;;KELP;SEASHELLS;2036;11
19600;;;RAINFOREST_RESIN;SEASHELLS;10002;1
19600;;;SQUID_INK;SEASHELLS;1831;11
19900;;;RAINFOREST_RESIN;SEASHELLS;9996;1
20000;;;RAINFOREST_RESIN;SEASHELLS;9998;1
20200;;;RAINFOREST_RESIN;SEASHELLS;10002;1
20400;;;KELP;SEASHELLS;2033;3
20500;;;KELP;SEASHELLS;2034;2
20500;;;KELP;SEASHELLS;2033;8
20500;;;SQUID_INK;SEASHELLS;1834;2
20500;;;SQUID_INK;SEASHELLS;1833;8
20600;;;KELP;SEASHELLS;2036;2
20600;;;RAINFOREST_RESIN;SEASHELLS;9998;2
20600;;;SQUID_INK;SEASHELLS;1836;2
20700;;;KELP;SEASHELLS;2034;2
20700;;;SQUID_INK;SEASHELLS;1837;2
20900;;;KELP;SEASHELLS;2033;1
20900;;;SQUID_INK;SEASHELLS;1838;1
21100;;;KELP;SEASHELLS;2034;2
21100;;;SQUID_INK;SEASHELLS;1836;2
21200;;;KELP;SEASHELLS;2035;1
21200;;;RAINFOREST_RESIN;SEASHELLS;9998;1
21200;;;SQUID_INK;SEASHELLS;1836;1
21500;;;KELP;SEASHELLS;2033;2
21500;;;SQUID_INK;SEASHELLS;1839;2
22100;;;KELP;SEASHELLS;2035;1
22100;;;SQUID_INK;SEASHELLS;1851;1
22200;;;RAINFOREST_RESIN;SEASHELLS;10002;1
22400;;;RAINFOREST_RESIN;SEASHELLS;10002;1
22500;;;KELP;SEASHELLS;2035;1
22800;;;KELP;SEASHELLS;2033;2
22800;;;RAINFOREST_RESIN;SEASHELLS;10002;1
22800;;;SQUID_INK;SEASHELLS;1847;2
22900;;;KELP;SEASHELLS;2033;1
23000;;;KELP;SEASHELLS;2035;1
23000;;;RAINFOREST_RESIN;SEASHELLS;10002;1
23000;;;SQUID_INK;SEASHELLS;1847;1
23200;;;KELP;SEASHELLS;2033;1
23200;;;SQUID_INK;SEASHELLS;1842;1
23400;;;KELP;SEASHELLS;2033;15
23400;;;SQUID_INK;SEASHELLS;1840;15
23600;;;KELP;SEASHELLS;2033;1
23600;;;SQUID_INK;SEASHELLS;1843;1
24300;;;KELP;SEASHELLS;2033;1
24300;;;RAINFOREST_RESIN;SEASHELLS;10002;1
24300;;;SQUID_INK;SEASHELLS;1846;1
24500;;;KELP;SEASHELLS;2033;9
24500;;;SQUID_INK;SEASHELLS;1844;9
25100;;;RAINFOREST_RESIN;SEASHELLS;9998;1
25900;;;KELP;SEASHELLS;2036;2
25900;;;RAINFOREST_RESIN;SEASHELLS;10004;2
25900;;;SQUID_INK;SEASHELLS;1852;2
26000;;;KELP;SEASHELLS;2035;1
26000;;;SQUID_INK;SEASHELLS;1851;1
26200;;;RAINFOREST_RESIN;SEASHELLS;10002;1
26300;;;KELP;SEASHELLS;2033;1
26300;;;RAINFOREST_RESIN;SEASHELLS;10002;4
26300;;;SQUID_INK;SEASHELLS;1848;1
26600;;;RAINFOREST_RESIN;SEASHELLS;9998;4
26700;;;KELP;SEASHELLS;2035;1
26700;;;SQUID_INK;SEASHELLS;1846;1
26800;;;RAINFOREST_RESIN;SEASHELLS;10002;1
27100;;;KELP;SEASHELLS;2035;1
27100;;;RAINFOREST_RESIN;SEASHELLS;9998;1
27100;;;SQUID_INK;SEASHELLS;1851;1
27200;;;KELP;SEASHELLS;2035;1
27200;;;SQUID_INK;SEASHELLS;1853;1
27300;;;KELP;SEASHELLS;2033;1
27300;;;SQUID_INK;SEASHELLS;1850;1
27400;;;RAINFOREST_RESIN;SEASHELLS;9998;6
27400;;;RAINFOREST_RESIN;SEASHELLS;9998;3
27800;;;RAINFOREST_RESIN;SEASHELLS;9998;3
28100;;;RAINFOREST_RESIN;SEASHELLS;10004;1
28100;;;RAINFOREST_RESIN;SEASHELLS;10004;2
28500;;;KELP;SEASHELLS;2033;1
28500;;;SQUID_INK;SEASHELLS;1847;1
28600;;;KELP;SEASHELLS;2033;1
28600;;;KELP;SEASHELLS;2034;5
28600;;;SQUID_INK;SEASHELLS;1848;1
28700;;;KELP;SEASHELLS;2033;1
28700;;;SQUID_INK;SEASHELLS;1848;1
29000;;;RAINFOREST_RESIN;SEASHELLS;10002;1
29300;;;KELP;SEASHELLS;2035;1
29300;;;SQUID_INK;SEASHELLS;1851;1
29400;;;RAINFOREST_RESIN;SEASHELLS;10002;1
29500;;;KELP;SEASHELLS;2033;1
29500;;;SQUID_INK;SEASHELLS;1850;1
29600;;;KELP;SEASHELLS;2034;4
29800;;;RAINFOREST_RESIN;SEASHELLS;10005;5
29900;;;KELP;SEASHELLS;2036;15
29900;;;SQUID_INK;SEASHELLS;1857;15
30200;;;RAINFOREST_RESIN;SEASHELLS;9998;1
30400;;;KELP;SEASHELLS;2035;3
30400;;;SQUID_INK;SEASHELLS;1852;3
30600;;;RAINFOREST_RESIN;SEASHELLS;10002;1
31000;;;KELP;SEASHELLS;2036;1
31000;;;RAINFOREST_RESIN;SEASHELLS;10002;1
31000;;;RAINFOREST_RESIN;SEASHELLS;10002;1
31000;;;SQUID_INK;SEASHELLS;1852;1
31100;;;KELP;SEASHELLS;2035;1
31100;;;KELP;SEASHELLS;2034;9
31100;;;RAINFOREST_RESIN;SEASHELLS;10002;1
31100;;;SQUID_INK;SEASHELLS;1852;1
31100;;;SQUID_INK;SEASHELLS;1850;9
31200;;;KELP;SEASHELLS;2034;1
31200;;;RAINFOREST_RESIN;SEASHELLS;10002;1
31200;;;RAINFOREST_RESIN;SEASHELLS;10002;6
31200;;;SQUID_INK;SEASHELLS;1850;1
31400;;;RAINFOREST_RESIN;SEASHELLS;10002;3
31600;;;RAINFOREST_RESIN;SEASHELLS;9998;1
31600;;;RAINFOREST_RESIN;SEASHELLS;9998;3
31700;;;RAINFOREST_RESIN;SEASHELLS;10002;1
31700;;;RAINFOREST_RESIN;SEASHELLS;9995;3
32100;;;KELP;SEASHELLS;2033;2
32100;;;RAINFOREST_RESIN;SEASHELLS;9998;2
32100;;;SQUID_INK;SEASHELLS;1848;2
32500;;;KELP;SEASHELLS;2037;9
32500;;;RAINFOREST_RESIN;SEASHELLS;10002;1
32500;;;SQUID_INK;SEASHELLS;1848;2
32500;;;SQUID_INK;SEASHELLS;1848;7
33200;;;KELP;SEASHELLS;2036;1
33200;;;SQUID_INK;SEASHELLS;1837;1
33600;;;RAINFOREST_RESIN;SEASHELLS;9998;2
33900;;;RAINFOREST_RESIN;SEASHELLS;10004;1
33900;;;RAINFOREST_RESIN;SEASHELLS;10004;11
34000;;;KELP;SEASHELLS;2036;1
34000;;;SQUID_INK;SEASHELLS;1848;1
34200;;;RAINFOREST_RESIN;SEASHELLS;10002;1
34300;;;KELP;SEASHELLS;2034;1
34300;;;SQUID_INK;SEASHELLS;1846;1
34600;;;KELP;SEASHELLS;2037;14
34600;;;SQUID_INK;SEASHELLS;1849;14
34800;;;KELP;SEASHELLS;2034;10
34800;;;SQUID_INK;SEASHELLS;1846;10
35400;;;RAINFOREST_RESIN;SEASHELLS;10002;1
35700;;;KELP;SEASHELLS;2037;11
35700;;;SQUID_INK;SEASHELLS;1845;11
36000;;;KELP;SEASHELLS;2035;2
36000;;;SQUID_INK;SEASHELLS;1842;2
36500;;;KELP;SEASHELLS;2034;1
36500;;;SQUID_INK;SEASHELLS;1843;1
36600;;;KELP;SEASHELLS;2035;2
36600;;;SQUID_INK;SEASHELLS;1842;2
36700;;;RAINFOREST_RESIN;SEASHELLS;10002;1
36700;;;RAINFOREST_RESIN;SEASHELLS;10002;1
37100;;;KELP;SEASHELLS;2037;9
37100;;;SQUID_INK;SEASHELLS;1847;9
37300;;;RAINFOREST_RESIN;SEASHELLS;9996;1
37600;;;KELP;SEASHELLS;2036;1
37600;;;KELP;SEASHELLS;2034;9
37600;;;RAINFOREST_RESIN;SEASHELLS;10004;1
37600;;;RAINFOREST_RESIN;SEASHELLS;10004;9
37600;;;SQUID_INK;SEASHELLS;1847;1
37600;;;SQUID_INK;SEASHELLS;1845;9
37800;;;KELP;SEASHELLS;2037;2
37800;;;RAINFOREST_RESIN;SEASHELLS;10004;2
37800;;;SQUID_INK;SEASHELLS;1851;2
38400;;;KELP;SEASHELLS;2034;4
38400;;;SQUID_INK;SEASHELLS;1850;2
38400;;;SQUID_INK;SEASHELLS;1850;2
38700;;;KELP;SEASHELLS;2034;1
38700;;;RAINFOREST_RESIN;SEASHELLS;10004;2
38700;;;SQUID_INK;SEASHELLS;1850;1
39100;;;KELP;SEASHELLS;2037;1
39100;;;RAINFOREST_RESIN;SEASHELLS;9998;1
39100;;;SQUID_INK;SEASHELLS;1853;1
39200;;;KELP;SEASHELLS;2034;2
39200;;;KELP;SEASHELLS;2035;4
39200;;;RAINFOREST_RESIN;SEASHELLS;9995;2
39200;;;SQUID_INK;SEASHELLS;1849;2
39200;;;SQUID_INK;SEASHELLS;1850;4
39700;;;KELP;SEASHELLS;2034;1
39700;;;SQUID_INK;SEASHELLS;1849;1
40000;;;KELP;SEASHELLS;2034;14
40000;;;SQUID_INK;SEASHELLS;1849;14
40200;;;KELP;SEASHELLS;2037;6
40200;;;SQUID_INK;SEASHELLS;1854;6
40500;;;KELP;SEASHELLS;2037;13
40500;;;SQUID_INK;SEASHELLS;1854;13
40600;;;RAINFOREST_RESIN;SEASHELLS;10002;1
40700;;;KELP;SEASHELLS;2036;1
41400;;;KELP;SEASHELLS;2034;5
41400;;;SQUID_INK;SEASHELLS;1855;5
41800;;;KELP;SEASHELLS;2034;1
41800;;;SQUID_INK;SEASHELLS;1857;1
42000;;;RAINFOREST_RESIN;SEASHELLS;9998;1
42400;;;KELP;SEASHELLS;2034;1
42400;;;RAINFOREST_RESIN;SEASHELLS;9996;1
42400;;;SQUID_INK;SEASHELLS;1859;1
42500;;;SQUID_INK;SEASHELLS;1861;2
42800;;;KELP;SEASHELLS;2035;2
42800;;;SQUID_INK;SEASHELLS;1859;2
43200;;;RAINFOREST_RESIN;SEASHELLS;9996;2
43600;;;RAINFOREST_RESIN;SEASHELLS;10002;2
43800;;;KELP;SEASHELLS;2037;1
43800;;;KELP;SEASHELLS;2037;4
43800;;;SQUID_INK;SEASHELLS;1856;5
43900;;;KELP;SEASHELLS;2034;1
43900;;;KELP;SEASHELLS;2037;2
43900;;;RAINFOREST_RESIN;SEASHELLS;10002;1
43900;;;RAINFOREST_RESIN;SEASHELLS;10002;4
43900;;;RAINFOREST_RESIN;SEASHELLS;10002;2
43900;;;SQUID_INK;SEASHELLS;1852;1
43900;;;SQUID_INK;SEASHELLS;1855;2
44300;;;RAINFOREST_RESIN;SEASHELLS;9998;2
44700;;;KELP;SEASHELLS;2036;1
44700;;;SQUID_INK;SEASHELLS;1851;1
45000;;;KELP;SEASHELLS;2034;1
45000;;;SQUID_INK;SEASHELLS;1847;1
45200;;;KELP;SEASHELLS;2034;1
45200;;;RAINFOREST_RESIN;SEASHELLS;10002;1
45200;;;SQUID_INK;SEASHELLS;1848;1
45300;;;KELP;SEASHELLS;2034;1
45300;;;SQUID_INK;SEASHELLS;1848;1
45500;;;KELP;SEASHELLS;2034;1
45500;;;KELP;SEASHELLS;2034;2
45500;;;RAINFOREST_RESIN;SEASHELLS;9998;3
45500;;;SQUID_INK;SEASHELLS;1847;3
45900;;;KELP;SEASHELLS;2033;1
45900;;;SQUID_INK;SEASHELLS;1848;1
46000;;;RAINFOREST_RESIN;SEASHELLS;9998;1
46400;;;KELP;SEASHELLS;2035;1
46500;;;KELP;SEASHELLS;2035;2
46500;;;RAINFOREST_RESIN;SEASHELLS;9998;1
46500;;;SQUID_INK;SEASHELLS;1847;2
46600;;;KELP;SEASHELLS;2035;1
46900;;;KELP;SEASHELLS;2033;10
46900;;;SQUID_INK;SEASHELLS;1847;10
47200;;;KELP;SEASHELLS;2035;1
47200;;;SQUID_INK;SEASHELLS;1848;1
47400;;;KELP;SEASHELLS;2035;2
47400;;;RAINFOREST_RESIN;SEASHELLS;9998;1
47400;;;SQUID_INK;SEASHELLS;1847;2
47700;;;KELP;SEASHELLS;2033;10
47700;;;SQUID_INK;SEASHELLS;1845;10
48000;;;RAINFOREST_RESIN;SEASHELLS;10002;1
48100;;;SQUID_INK;SEASHELLS;1845;1
48200;;;KELP;SEASHELLS;2033;1
48200;;;SQUID_INK;SEASHELLS;1842;1
48300;;;KELP;SEASHELLS;2034;1
48300;;;KELP;SEASHELLS;2034;4
48300;;;SQUID_INK;SEASHELLS;1839;1
48300;;;SQUID_INK;SEASHELLS;1839;4
48900;;;KELP;SEASHELLS;2033;1
49000;;;RAINFOREST_RESIN;SEASHELLS;10004;1
49000;;;RAINFOREST_RESIN;SEASHELLS;10004;1
49800;;;KELP;SEASHELLS;2034;1
49800;;;KELP;SEASHELLS;2037;1
49800;;;RAINFOREST_RESIN;SEASHELLS;10002;1
49800;;;SQUID_INK;SEASHELLS;1832;1
49800;;;SQUID_INK;SEASHELLS;1835;1
50100;;;RAINFOREST_RESIN;SEASHELLS;10002;4
50400;;;KELP;SEASHELLS;2034;2
50400;;;KELP;SEASHELLS;2034;1
50400;;;SQUID_INK;SEASHELLS;1831;2
50400;;;SQUID_INK;SEASHELLS;1831;1
50600;;;KELP;SEASHELLS;2036;1
50600;;;KELP;SEASHELLS;2035;4
50600;;;SQUID_INK;SEASHELLS;1833;1
50600;;;SQUID_INK;SEASHELLS;1832;4
50900;;;KELP;SEASHELLS;2034;1
50900;;;SQUID_INK;SEASHELLS;1831;1
51400;;;KELP;SEASHELLS;2036;5
51400;;;SQUID_INK;SEASHELLS;1831;5
51500;;;KELP;SEASHELLS;2037;4
51500;;;KELP;SEASHELLS;2034;2
51500;;;RAINFOREST_RESIN;SEASHELLS;9995;2
51500;;;SQUID_INK;SEASHELLS;1832;4
51500;;;SQUID_INK;SEASHELLS;1829;2
51600;;;KELP;SEASHELLS;2036;1
51600;;;SQUID_INK;SEASHELLS;1829;1
52000;;;RAINFOREST_RESIN;SEASHELLS;9998;1
52200;;;RAINFOREST_RESIN;SEASHELLS;10002;1
52200;;;SQUID_INK;SEASHELLS;1827;1
52400;;;RAINFOREST_RESIN;SEASHELLS;10002;4
52400;;;RAINFOREST_RESIN;SEASHELLS;10002;3
52600;;;KELP;SEASHELLS;2034;2
52600;;;RAINFOREST_RESIN;SEASHELLS;10004;1
52600;;;SQUID_INK;SEASHELLS;1834;2
52700;;;KELP;SEASHELLS;2036;1
52700;;;SQUID_INK;SEASHELLS;1838;1
52800;;;KELP;SEASHELLS;2036;1
53100;;;RAINFOREST_RESIN;SEASHELLS;9998;5
53300;;;KELP;SEASHELLS;2034;8
53300;;;SQUID_INK;SEASHELLS;1840;8
54000;;;RAINFOREST_RESIN;SEASHELLS;10002;1
54100;;;KELP;SEASHELLS;2037;2
54100;;;RAINFOREST_RESIN;SEASHELLS;10004;1
54100;;;RAINFOREST_RESIN;SEASHELLS;10004;1
54100;;;SQUID_INK;SEASHELLS;1841;2
54200;;;KELP;SEASHELLS;2034;1
54200;;;SQUID_INK;SEASHELLS;1840;1
54300;;;KELP;SEASHELLS;2034;2
54300;;;RAINFOREST_RESIN;SEASHELLS;10002;1
54300;;;SQUID_INK;SEASHELLS;1836;2
54600;;;RAINFOREST_RESIN;SEASHELLS;10002;2
54700;;;KELP;SEASHELLS;2037;2
54700;;;RAINFOREST_RESIN;SEASHELLS;10004;1
54700;;;RAINFOREST_RESIN;SEASHELLS;10005;2
54700;;;RAINFOREST_RESIN;SEASHELLS;10004;4
54700;;;SQUID_INK;SEASHELLS;1842;2
54900;;;KELP;SEASHELLS;2036;1
54900;;;SQUID_INK;SEASHELLS;1841;1
55200;;;KELP;SEASHELLS;2034;1
55200;;;SQUID_INK;SEASHELLS;1838;1
55300;;;KELP;SEASHELLS;2036;1
55300;;;RAINFOREST_RESIN;SEASHELLS;10002;5
55300;;;RAINFOREST_RESIN;SEASHELLS;10002;3
55300;;;SQUID_INK;SEASHELLS;1838;1
55400;;;RAINFOREST_RESIN;SEASHELLS;9998;6
55900;;;RAINFOREST_RESIN;SEASHELLS;9998;4
56500;;;RAINFOREST_RESIN;SEASHELLS;10002;6
56700;;;KELP;SEASHELLS;2034;2
56700;;;RAINFOREST_RESIN;SEASHELLS;9998;1
56700;;;SQUID_INK;SEASHELLS;1841;2
56700;;;SQUID_INK;SEASHELLS;1841;2
57100;;;KELP;SEASHELLS;2036;1
57100;;;RAINFOREST_RESIN;SEASHELLS;9998;1
57300;;;KELP;SEASHELLS;2035;1
57600;;;RAINFOREST_RESIN;SEASHELLS;9998;1
57900;;;SQUID_INK;SEASHELLS;1840;5
58000;;;KELP;SEASHELLS;2037;14
58000;;;SQUID_INK;SEASHELLS;1843;14
58100;;;RAINFOREST_RESIN;SEASHELLS;10005;7
58600;;;KELP;SEASHELLS;2033;1
58600;;;RAINFOREST_RESIN;SEASHELLS;9996;1
58600;;;SQUID_INK;SEASHELLS;1840;1
58800;;;KELP;SEASHELLS;2035;2
58800;;;RAINFOREST_RESIN;SEASHELLS;10004;1
58800;;;RAINFOREST_RESIN;SEASHELLS;10004;1
58800;;;SQUID_INK;SEASHELLS;1839;2
58900;;;KELP;SEASHELLS;2037;2
58900;;;KELP;SEASHELLS;2036;1
58900;;;RAINFOREST_RESIN;SEASHELLS;10004;2
58900;;;SQUID_INK;SEASHELLS;1842;2
58900;;;SQUID_INK;SEASHELLS;1841;1
59100;;;RAINFOREST_RESIN;SEASHELLS;9998;1
59400;;;RAINFOREST_RESIN;SEASHELLS;10002;1
59600;;;RAINFOREST_RESIN;SEASHELLS;10002;1
59700;;;KELP;SEASHELLS;2036;1
59700;;;SQUID_INK;SEASHELLS;1844;1
59900;;;KELP;SEASHELLS;2034;2
59900;;;RAINFOREST_RESIN;SEASHELLS;9996;2
59900;;;SQUID_INK;SEASHELLS;1845;2
60000;;;RAINFOREST_RESIN;SEASHELLS;9998;3
60400;;;RAINFOREST_RESIN;SEASHELLS;9996;2
60400;;;RAINFOREST_RESIN;SEASHELLS;9996;5
60400;;;RAINFOREST_RESIN;SEASHELLS;9998;1
60600;;;KELP;SEASHELLS;2034;1
60600;;;RAINFOREST_RESIN;SEASHELLS;9996;1
60600;;;SQUID_INK;SEASHELLS;1840;1
60700;;;KELP;SEASHELLS;2034;1
60700;;;SQUID_INK;SEASHELLS;1840;1
60800;;;KELP;SEASHELLS;2036;1
60800;;;SQUID_INK;SEASHELLS;1842;1
61000;;;RAINFOREST_RESIN;SEASHELLS;9998;1
61200;;;KELP;SEASHELLS;2034;3
61200;;;KELP;SEASHELLS;2034;1
61200;;;SQUID_INK;SEASHELLS;1841;3
61200;;;SQUID_INK;SEASHELLS;1841;1
61500;;;KELP;SEASHELLS;2036;1
61500;;;SQUID_INK;SEASHELLS;1844;1
61800;;;KELP;SEASHELLS;2034;1
61800;;;SQUID_INK;SEASHELLS;1840;1
61900;;;KELP;SEASHELLS;2033;9
61900;;;SQUID_INK;SEASHELLS;1840;9
62700;;;KELP;SEASHELLS;2037;15
62700;;;RAINFOREST_RESIN;SEASHELLS;9998;1
62700;;;SQUID_INK;SEASHELLS;1837;15
62800;;;RAINFOREST_RESIN;SEASHELLS;9995;12
63100;;;RAINFOREST_RESIN;SEASHELLS;9998;1
63300;;;KELP;SEASHELLS;2036;1
63300;;;RAINFOREST_RESIN;SEASHELLS;10002;1
63300;;;RAINFOREST_RESIN;SEASHELLS;10002;4
63300;;;SQUID_INK;SEASHELLS;1837;1
63600;;;KELP;SEASHELLS;2036;1
63600;;;SQUID_INK;SEASHELLS;1838;1
63700;;;KELP;SEASHELLS;2035;5
63700;;;KELP;SEASHELLS;2035;7
63700;;;SQUID_INK;SEASHELLS;1836;5
63900;;;SQUID_INK;SEASHELLS;1834;2
64000;;;KELP;SEASHELLS;2034;1
64000;;;SQUID_INK;SEASHELLS;1831;1
64600;;;RAINFOREST_RESIN;SEASHELLS;9996;2
64800;;;SQUID_INK;SEASHELLS;1838;1
64900;;;RAINFOREST_RESIN;SEASHELLS;9998;4
65200;;;KELP;SEASHELLS;2034;1
65200;;;SQUID_INK;SEASHELLS;1838;1
65400;;;KELP;SEASHELLS;2034;1
65400;;;KELP;SEASHELLS;2034;2
65400;;;SQUID_INK;SEASHELLS;1838;1
65400;;;SQUID_INK;SEASHELLS;1838;2
65700;;;KELP;SEASHELLS;2034;1
65700;;;SQUID_INK;SEASHELLS;1837;1
65800;;;RAINFOREST_RESIN;SEASHELLS;10002;1
66100;;;KELP;SEASHELLS;2037;2
66100;;;RAINFOREST_RESIN;SEASHELLS;10004;2
66100;;;SQUID_INK;SEASHELLS;1840;2
66200;;;RAINFOREST_RESIN;SEASHELLS;10002;1
66300;;;KELP;SEASHELLS;2037;4
66300;;;SQUID_INK;SEASHELLS;1840;4
66500;;;KELP;SEASHELLS;2037;11
66500;;;SQUID_INK;SEASHELLS;1840;11
66600;;;RAINFOREST_RESIN;SEASHELLS;10002;2
67400;;;RAINFOREST_RESIN;SEASHELLS;9996;1
67400;;;RAINFOREST_RESIN;SEASHELLS;9996;4
67700;;;SQUID_INK;SEASHELLS;1832;3
67800;;;RAINFOREST_RESIN;SEASHELLS;9996;2
67800;;;RAINFOREST_RESIN;SEASHELLS;9996;3
68000;;;KELP;SEASHELLS;2036;1
68000;;;RAINFOREST_RESIN;SEASHELLS;10002;1
68000;;;SQUID_INK;SEASHELLS;1835;1
68200;;;RAINFOREST_RESIN;SEASHELLS;9998;1
68400;;;RAINFOREST_RESIN;SEASHELLS;10002;1
68500;;;KELP;SEASHELLS;2036;1
68500;;;KELP;SEASHELLS;2035;1
68500;;;RAINFOREST_RESIN;SEASHELLS;10004;1
68500;;;SQUID_INK;SEASHELLS;1838;1
68500;;;SQUID_INK;SEASHELLS;1838;1
68600;;;RAINFOREST_RESIN;SEASHELLS;9998;1
69100;;;KELP;SEASHELLS;2034;1
69100;;;RAINFOREST_RESIN;SEASHELLS;9996;1
69100;;;SQUID_INK;SEASHELLS;1837;1
69800;;;KELP;SEASHELLS;2034;1
69800;;;SQUID_INK;SEASHELLS;1837;1
69900;;;RAINFOREST_RESIN;SEASHELLS;10002;1
70100;;;KELP;SEASHELLS;2034;1
70100;;;SQUID_INK;SEASHELLS;1839;1
70300;;;KELP;SEASHELLS;2037;1
70300;;;RAINFOREST_RESIN;SEASHELLS;10004;1
70300;;;SQUID_INK;SEASHELLS;1841;1
70500;;;KELP;SEASHELLS;2034;3
70500;;;SQUID_INK;SEASHELLS;1838;3
70600;;;KELP;SEASHELLS;2034;1
70600;;;SQUID_INK;SEASHELLS;1839;1
70700;;;KELP;SEASHELLS;2037;1
70700;;;RAINFOREST_RESIN;SEASHELLS;10005;1
70700;;;SQUID_INK;SEASHELLS;1841;1
70900;;;KELP;SEASHELLS;2034;1
70900;;;SQUID_INK;SEASHELLS;1838;1
71000;;;KELP;SEASHELLS;2036;1
71000;;;RAINFOREST_RESIN;SEASHELLS;9998;8
71000;;;SQUID_INK;SEASHELLS;1839;1
71100;;;RAINFOREST_RESIN;SEASHELLS;9998;4
71200;;;RAINFOREST_RESIN;SEASHELLS;9998;1
71400;;;RAINFOREST_RESIN;SEASHELLS;10002;2
71700;;;KELP;SEASHELLS;2033;1
71700;;;RAINFOREST_RESIN;SEASHELLS;9996;1
71700;;;RAINFOREST_RESIN;SEASHELLS;9998;1
71700;;;SQUID_INK;SEASHELLS;1843;1
72100;;;RAINFOREST_RESIN;SEASHELLS;9998;1
72200;;;RAINFOREST_RESIN;SEASHELLS;9998;1
72800;;;KELP;SEASHELLS;2034;8
72800;;;SQUID_INK;SEASHELLS;1846;8
73400;;;RAINFOREST_RESIN;SEASHELLS;10002;1
73600;;;KELP;SEASHELLS;2033;2
73600;;;RAINFOREST_RESIN;SEASHELLS;9995;2
73600;;;SQUID_INK;SEASHELLS;1838;2
73700;;;RAINFOREST_RESIN;SEASHELLS;10002;4
73900;;;KELP;SEASHELLS;2037;2
73900;;;RAINFOREST_RESIN;SEASHELLS;10005;2
73900;;;SQUID_INK;SEASHELLS;1841;2
74000;;;RAINFOREST_RESIN;SEASHELLS;9998;1
74200;;;KELP;SEASHELLS;2035;2
74200;;;RAINFOREST_RESIN;SEASHELLS;10002;1
74200;;;RAINFOREST_RESIN;SEASHELLS;10002;1
74200;;;SQUID_INK;SEASHELLS;1834;2
74300;;;KELP;SEASHELLS;2036;1
74300;;;KELP;SEASHELLS;2035;1
74300;;;RAINFOREST_RESIN;SEASHELLS;9998;1
74300;;;RAINFOREST_RESIN;SEASHELLS;10004;1
74300;;;SQUID_INK;SEASHELLS;1834;1
74300;;;SQUID_INK;SEASHELLS;1833;1
74500;;;KELP;SEASHELLS;2036;1
74500;;;SQUID_INK;SEASHELLS;1832;1
74600;;;RAINFOREST_RESIN;SEASHELLS;9998;2
75000;;;KELP;SEASHELLS;2034;1
75000;;;RAINFOREST_RESIN;SEASHELLS;9996;1
75000;;;RAINFOREST_RESIN;SEASHELLS;9998;4
75000;;;SQUID_INK;SEASHELLS;1830;1
75500;;;KELP;SEASHELLS;2034;2
75500;;;RAINFOREST_RESIN;SEASHELLS;9996;1
75500;;;SQUID_INK;SEASHELLS;1831;2
75700;;;KELP;SEASHELLS;2037;2
75700;;;RAINFOREST_RESIN;SEASHELLS;10004;2
75700;;;SQUID_INK;SEASHELLS;1834;2
76700;;;KELP;SEASHELLS;2034;1
76700;;;KELP;SEASHELLS;2034;2
76700;;;RAINFOREST_RESIN;SEASHELLS;9998;2
76700;;;SQUID_INK;SEASHELLS;1826;1
76700;;;SQUID_INK;SEASHELLS;1826;2
76900;;;KELP;SEASHELLS;2034;1
76900;;;SQUID_INK;SEASHELLS;1820;1
77300;;;KELP;SEASHELLS;2034;1
77300;;;SQUID_INK;SEASHELLS;1821;1
77400;;;KELP;SEASHELLS;2036;3
77400;;;SQUID_INK;SEASHELLS;1824;3
78100;;;KELP;SEASHELLS;2035;1
78100;;;SQUID_INK;SEASHELLS;1821;1
78200;;;KELP;SEASHELLS;2037;1
78200;;;RAINFOREST_RESIN;SEASHELLS;10002;1
78200;;;SQUID_INK;SEASHELLS;1821;1
78500;;;RAINFOREST_RESIN;SEASHELLS;10004;2
78500;;;RAINFOREST_RESIN;SEASHELLS;10004;1
78700;;;RAINFOREST_RESIN;SEASHELLS;9996;1
78700;;;RAINFOREST_RESIN;SEASHELLS;9996;5
79200;;;RAINFOREST_RESIN;SEASHELLS;10002;3
79400;;;KELP;SEASHELLS;2038;1
79400;;;RAINFOREST_RESIN;SEASHELLS;10005;1
79400;;;SQUID_INK;SEASHELLS;1823;1
79500;;;KELP;SEASHELLS;2035;1
79500;;;RAINFOREST_RESIN;SEASHELLS;10004;2
79500;;;SQUID_INK;SEASHELLS;1816;1
80000;;;SQUID_INK;SEASHELLS;1815;1
80100;;;KELP;SEASHELLS;2034;1
80100;;;RAINFOREST_RESIN;SEASHELLS;9996;1
80100;;;SQUID_INK;SEASHELLS;1811;1
80300;;;SQUID_INK;SEASHELLS;1806;6
80500;;;KELP;SEASHELLS;2035;1
80500;;;RAINFOREST_RESIN;SEASHELLS;9998;1
80500;;;SQUID_INK;SEASHELLS;1805;2
80500;;;SQUID_INK;SEASHELLS;1808;1
81200;;;KELP;SEASHELLS;2037;1
81200;;;RAINFOREST_RESIN;SEASHELLS;10002;2
81200;;;SQUID_INK;SEASHELLS;1807;2
81300;;;KELP;SEASHELLS;2038;2
81300;;;RAINFOREST_RESIN;SEASHELLS;10004;2
81300;;;RAINFOREST_RESIN;SEASHELLS;10002;1
81300;;;SQUID_INK;SEASHELLS;1808;2
81500;;;RAINFOREST_RESIN;SEASHELLS;9998;1
81600;;;RAINFOREST_RESIN;SEASHELLS;10002;1
82000;;;RAINFOREST_RESIN;SEASHELLS;10002;1
82100;;;RAINFOREST_RESIN;SEASHELLS;9998;4
82300;;;RAINFOREST_RESIN;SEASHELLS;10004;2
82300;;;RAINFOREST_RESIN;SEASHELLS;10004;7
82500;;;RAINFOREST_RESIN;SEASHELLS;9998;3
82600;;;KELP;SEASHELLS;2035;14
82600;;;SQUID_INK;SEASHELLS;1803;14
83100;;;RAINFOREST_RESIN;SEASHELLS;9998;5
83600;;;KELP;SEASHELLS;2035;2
83600;;;RAINFOREST_RESIN;SEASHELLS;9998;1
83600;;;RAINFOREST_RESIN;SEASHELLS;9998;1
83600;;;SQUID_INK;SEASHELLS;1803;2
83800;;;RAINFOREST_RESIN;SEASHELLS;9995;11
83800;;;RAINFOREST_RESIN;SEASHELLS;9998;2
84000;;;KELP;SEASHELLS;2035;1
84000;;;SQUID_INK;SEASHELLS;1798;1
84300;;;KELP;SEASHELLS;2035;1
84300;;;SQUID_INK;SEASHELLS;1797;1
84700;;;RAINFOREST_RESIN;SEASHELLS;10002;1
84700;;;RAINFOREST_RESIN;SEASHELLS;10002;2
85100;;;RAINFOREST_RESIN;SEASHELLS;9996;1
85500;;;KELP;SEASHELLS;2037;1
85500;;;SQUID_INK;SEASHELLS;1808;1
85800;;;KELP;SEASHELLS;2035;2
85800;;;SQUID_INK;SEASHELLS;1808;2
85800;;;SQUID_INK;SEASHELLS;1808;2
85900;;;RAINFOREST_RESIN;SEASHELLS;10002;1
85900;;;RAINFOREST_RESIN;SEASHELLS;9998;8
86000;;;KELP;SEASHELLS;2036;1
86000;;;SQUID_INK;SEASHELLS;1815;1
86100;;;KELP;SEASHELLS;2035;1
86100;;;SQUID_INK;SEASHELLS;1812;1
86200;;;KELP;SEASHELLS;2035;1
86200;;;SQUID_INK;SEASHELLS;1815;1
86600;;;KELP;SEASHELLS;2035;1
86600;;;RAINFOREST_RESIN;SEASHELLS;10002;1
86600;;;SQUID_INK;SEASHELLS;1811;1
86700;;;KELP;SEASHELLS;2036;1
86700;;;SQUID_INK;SEASHELLS;1812;1
86900;;;KELP;SEASHELLS;2037;1
86900;;;SQUID_INK;SEASHELLS;1812;1
87000;;;KELP;SEASHELLS;2034;1
87000;;;RAINFOREST_RESIN;SEASHELLS;9996;1
87000;;;SQUID_INK;SEASHELLS;1809;1
87300;;;RAINFOREST_RESIN;SEASHELLS;9996;2
87300;;;RAINFOREST_RESIN;SEASHELLS;9996;5
87400;;;KELP;SEASHELLS;2034;1
87400;;;SQUID_INK;SEASHELLS;1808;1
87600;;;SQUID_INK;SEASHELLS;1809;1
87800;;;RAINFOREST_RESIN;SEASHELLS;9998;1
88000;;;RAINFOREST_RESIN;SEASHELLS;10002;1
88200;;;KELP;SEASHELLS;2037;1
88200;;;RAINFOREST_RESIN;SEASHELLS;9998;1
88200;;;RAINFOREST_RESIN;SEASHELLS;9998;2
88200;;;SQUID_INK;SEASHELLS;1808;1
88400;;;KELP;SEASHELLS;2036;1
88400;;;SQUID_INK;SEASHELLS;1809;1
88500;;;KELP;SEASHELLS;2038;1
88500;;;RAINFOREST_RESIN;SEASHELLS;10005;1
88500;;;SQUID_INK;SEASHELLS;1809;1
89100;;;KELP;SEASHELLS;2035;1
89100;;;SQUID_INK;SEASHELLS;1807;1
89600;;;KELP;SEASHELLS;2034;1
89600;;;KELP;SEASHELLS;2034;10
89600;;;SQUID_INK;SEASHELLS;1805;10
89800;;;KELP;SEASHELLS;2037;1
89800;;;SQUID_INK;SEASHELLS;1806;1
89900;;;KELP;SEASHELLS;2038;1
89900;;;RAINFOREST_RESIN;SEASHELLS;10004;1
89900;;;SQUID_INK;SEASHELLS;1809;1
90100;;;RAINFOREST_RESIN;SEASHELLS;9998;1
90200;;;KELP;SEASHELLS;2036;1
90200;;;RAINFOREST_RESIN;SEASHELLS;10004;1
90200;;;SQUID_INK;SEASHELLS;1805;1
90300;;;KELP;SEASHELLS;2038;2
90300;;;RAINFOREST_RESIN;SEASHELLS;10005;2
90300;;;SQUID_INK;SEASHELLS;1808;2
90400;;;KELP;SEASHELLS;2034;8
90400;;;SQUID_INK;SEASHELLS;1806;8
90500;;;KELP;SEASHELLS;2037;1
90500;;;RAINFOREST_RESIN;SEASHELLS;10004;1
90500;;;SQUID_INK;SEASHELLS;1810;1
90700;;;KELP;SEASHELLS;2038;1
90700;;;RAINFOREST_RESIN;SEASHELLS;10005;1
90700;;;SQUID_INK;SEASHELLS;1809;1
91000;;;RAINFOREST_RESIN;SEASHELLS;10002;1
91600;;;KELP;SEASHELLS;2036;1
91600;;;SQUID_INK;SEASHELLS;1801;1
91800;;;KELP;SEASHELLS;2034;1
91800;;;SQUID_INK;SEASHELLS;1806;1
91900;;;KELP;SEASHELLS;2036;2
91900;;;SQUID_INK;SEASHELLS;1809;2
92200;;;RAINFOREST_RESIN;SEASHELLS;10002;3
92300;;;KELP;SEASHELLS;2034;1
92300;;;KELP;SEASHELLS;2037;1
92300;;;RAINFOREST_RESIN;SEASHELLS;10004;1
92300;;;SQUID_INK;SEASHELLS;1807;1
92300;;;SQUID_INK;SEASHELLS;1810;1
92400;;;KELP;SEASHELLS;2037;2
92400;;;RAINFOREST_RESIN;SEASHELLS;10002;2
92400;;;SQUID_INK;SEASHELLS;1811;2
92600;;;KELP;SEASHELLS;2034;1
92600;;;SQUID_INK;SEASHELLS;1810;1
93100;;;RAINFOREST_RESIN;SEASHELLS;10002;1
93600;;;KELP;SEASHELLS;2038;1
93600;;;RAINFOREST_RESIN;SEASHELLS;9998;1
93600;;;SQUID_INK;SEASHELLS;1818;1
94500;;;KELP;SEASHELLS;2038;15
94500;;;SQUID_INK;SEASHELLS;1815;15
94700;;;KELP;SEASHELLS;2036;1
94800;;;KELP;SEASHELLS;2034;2
94800;;;RAINFOREST_RESIN;SEASHELLS;9996;1
94800;;;RAINFOREST_RESIN;SEASHELLS;9996;1
94800;;;SQUID_INK;SEASHELLS;1815;2
95100;;;KELP;SEASHELLS;2036;1
95100;;;SQUID_INK;SEASHELLS;1816;1
95300;;;KELP;SEASHELLS;2036;1
95300;;;SQUID_INK;SEASHELLS;1817;1
95600;;;RAINFOREST_RESIN;SEASHELLS;9998;1
95700;;;RAINFOREST_RESIN;SEASHELLS;10002;7
95800;;;KELP;SEASHELLS;2034;1
95800;;;RAINFOREST_RESIN;SEASHELLS;9998;1
95800;;;SQUID_INK;SEASHELLS;1813;1
95900;;;KELP;SEASHELLS;2036;1
96000;;;KELP;SEASHELLS;2036;1
96100;;;KELP;SEASHELLS;2034;1
96100;;;KELP;SEASHELLS;2037;2
96100;;;RAINFOREST_RESIN;SEASHELLS;10002;2
96100;;;SQUID_INK;SEASHELLS;1814;1
96100;;;SQUID_INK;SEASHELLS;1817;2
96400;;;KELP;SEASHELLS;2034;7
96400;;;KELP;SEASHELLS;2034;3
96400;;;SQUID_INK;SEASHELLS;1816;7
96600;;;KELP;SEASHELLS;2034;1
96600;;;KELP;SEASHELLS;2036;1
96600;;;SQUID_INK;SEASHELLS;1814;1
96600;;;SQUID_INK;SEASHELLS;1815;1
97200;;;KELP;SEASHELLS;2035;5
97200;;;SQUID_INK;SEASHELLS;1813;5
97600;;;SQUID_INK;SEASHELLS;1816;2
97900;;;RAINFOREST_RESIN;SEASHELLS;10002;3
98000;;;RAINFOREST_RESIN;SEASHELLS;10004;2
98000;;;RAINFOREST_RESIN;SEASHELLS;10004;3
98100;;;KELP;SEASHELLS;2034;1
98100;;;RAINFOREST_RESIN;SEASHELLS;9998;1
98100;;;SQUID_INK;SEASHELLS;1814;1
98200;;;KELP;SEASHELLS;2034;6
98200;;;SQUID_INK;SEASHELLS;1814;6
98500;;;RAINFOREST_RESIN;SEASHELLS;9998;1
98600;;;RAINFOREST_RESIN;SEASHELLS;10005;9
98900;;;RAINFOREST_RESIN;SEASHELLS;10004;1
98900;;;RAINFOREST_RESIN;SEASHELLS;10005;2
99200;;;KELP;SEASHELLS;2034;2
99200;;;RAINFOREST_RESIN;SEASHELLS;9995;2
99200;;;SQUID_INK;SEASHELLS;1811;2
99300;;;KELP;SEASHELLS;2037;1
99300;;;RAINFOREST_RESIN;SEASHELLS;9998;1
99500;;;RAINFOREST_RESIN;SEASHELLS;9998;3
99600;;;KELP;SEASHELLS;2038;12
99600;;;SQUID_INK;SEASHELLS;1818;12
99700;;;KELP;SEASHELLS;2034;2
99700;;;RAINFOREST_RESIN;SEASHELLS;9995;2
99700;;;SQUID_INK;SEASHELLS;1813;2
99900;;;KELP;SEASHELLS;2035;1
99900;;;SQUID_INK;SEASHELLS;1816;1
